CREATE TABLE t1 (f1 INTEGER PRIMARY KEY AUTO_INCREMENT, f2 INTEGER);
ALTER TABLE t1 ADD COLUMN f3 INTEGER; INSERT INTO t1 (f1, f2) VALUES (DEFAULT, 123);;
CREATE UNIQUE INDEX i1 ON t1(f2);;
INSERT INTO t1 (f1, f2) VALUES (DEFAULT, 234);
SHOW CREATE TABLE t1;
Table	Create Table
t1	CREATE TABLE `t1` (
  `f1` int(11) NOT NULL AUTO_INCREMENT,
  `f2` int(11) DEFAULT NULL,
  `f3` int(11) DEFAULT NULL,
  PRIMARY KEY (`f1`),
  UNIQUE KEY `i1` (`f2`)
) ENGINE=InnoDB AUTO_INCREMENT=6 DEFAULT CHARSET=latin1
SELECT COUNT(*) = 2 FROM t1;
COUNT(*) = 2
1
SELECT * FROM t1 ORDER BY f1;
f1	f2	f3
2	123	NULL
4	234	NULL
SHOW CREATE TABLE t1;
Table	Create Table
t1	CREATE TABLE `t1` (
  `f1` int(11) NOT NULL AUTO_INCREMENT,
  `f2` int(11) DEFAULT NULL,
  `f3` int(11) DEFAULT NULL,
  PRIMARY KEY (`f1`),
  UNIQUE KEY `i1` (`f2`)
) ENGINE=InnoDB AUTO_INCREMENT=5 DEFAULT CHARSET=latin1
SELECT COUNT(*) = 2 FROM t1;
COUNT(*) = 2
1
SELECT * FROM t1 ORDER BY f1;
f1	f2	f3
2	123	NULL
4	234	NULL
DROP TABLE t1;
