CREATE TABLE ten (f1 INTEGER);
INSERT INTO ten VALUES (0),(1),(2),(3),(4),(5),(6),(7),(8),(9);
CREATE TABLE t1 (f1 INTEGER PRIMARY KEY AUTO_INCREMENT, f2 INTEGER) ENGINE=InnoDB;
INSERT INTO t1 (f2) SELECT 1 FROM ten AS a1, ten AS a2, ten AS a3, ten AS a4, ten AS a5;
INSERT INTO t1 (f2) SELECT 1 FROM ten AS a1, ten AS a2, ten AS a3, ten AS a4, ten AS a5;;
CREATE INDEX i1 ON t1 (f2);;
ALTER TABLE t1 ADD COLUMN f3 INTEGER;;
SELECT COUNT(*) = 200000 FROM t1;
COUNT(*) = 200000
1
SELECT COUNT(*) = 3 FROM INFORMATION_SCHEMA.COLUMNS WHERE TABLE_NAME = 't1';
COUNT(*) = 3
1
SELECT COUNT(*) = 2 FROM INFORMATION_SCHEMA.STATISTICS WHERE TABLE_NAME = 't1';
COUNT(*) = 2
1
SELECT COUNT(*) = 200000 FROM t1;
COUNT(*) = 200000
1
SELECT COUNT(*) = 3 FROM INFORMATION_SCHEMA.COLUMNS WHERE TABLE_NAME = 't1';
COUNT(*) = 3
1
SELECT COUNT(*) = 2 FROM INFORMATION_SCHEMA.STATISTICS WHERE TABLE_NAME = 't1';
COUNT(*) = 2
1
DROP TABLE t1;
DROP TABLE ten;
