CREATE TABLE t1 (f1 INTEGER PRIMARY KEY) ENGINE=InnoDB;
Suspending node_2 ...
SELECT 1 FROM DUAL;
1
1
INSERT INTO t1 VALUES (1);
ERROR 08S01: Unknown command
Resuming node_2 ...
INSERT INTO t1 VALUES (1);
SELECT COUNT(*) = 1 FROM t1;
COUNT(*) = 1
1
DROP TABLE t1;
