CREATE DATABASE database1;
USE database1;
CREATE TABLE ten (f1 INTEGER) ENGINE=InnoDB;
INSERT INTO ten VALUES (1),(2),(3),(4),(5),(6),(7),(8),(9),(10);
CREATE TABLE t1 (f1 INTEGER) ENGINE=InnoDB;
CREATE TABLE t2 (f1 INTEGER) ENGINE=InnoDB;
INSERT INTO t1 (f1) SELECT 1 FROM ten AS a1, ten AS a2, ten AS a3, ten AS a4, ten AS a5, ten AS a6;;
USE database1;
INSERT INTO t2 (f1) SELECT 1 FROM ten AS a1, ten AS a2, ten AS a3, ten AS a4, ten AS a5, ten AS a6;;
DROP DATABASE database1;;
ERROR 42S02: Table 'database1.t1' doesn't exist
SELECT COUNT(*) = 0 FROM INFORMATION_SCHEMA.SCHEMATA WHERE SCHEMA_NAME = 'database1';
COUNT(*) = 0
1
USE database1;
ERROR 42000: Unknown database 'database1'
ERROR 42S02: Table 'database1.t2' doesn't exist
SELECT COUNT(*) = 0 FROM INFORMATION_SCHEMA.SCHEMATA WHERE SCHEMA_NAME = 'database1';
COUNT(*) = 0
1
USE database1;
ERROR 42000: Unknown database 'database1'
